Model,Prompt Type,Latency (s),Output Tokens,Input Tokens,Output Text
Llama 3.3 · 70B,Executive Summary,10.259,331,686,"The topic of discussion in the parliamentary data revolves around the Damodar River and the Damodar Valley Corporation. The earliest mention of the topic dates back to 1996, with discussions on power generation by the Damodar Valley Corporation and the functioning of the Bankura-Damodar River Railway. Over the years, various ministries have addressed issues related to the Damodar River, including pollution, de-silting, and the impact of industrial activities on the river's water quality.

The Ministry of Power has been a key player in the discussions, with topics ranging from the dues of state electricity boards to central power public undertakings to the division of the Damodar Valley Corporation. The Ministry of Environment, Forests and Climate Change has also been involved, particularly in regards to pollution in the Damodar River. The Ministry of Railways has discussed the extension of railway projects in West Bengal, including the Bankura-Damodar River Railway Line. Other ministries, such as the Ministry of Corporate Affairs and the Ministry of Jal Shakti, have also contributed to the discussions.

Recent discussions have continued to focus on the Damodar Valley Corporation, with topics including its corporate social responsibility and the division of the corporation. The Ministry of Power has also discussed the Damodaram Sanjeevaiah Thermal Power Station, while the Ministry of Jal Shakti has addressed the activities of the Damodar Valley Corporation. Overall, the parliamentary data suggests that the topic of the Damodar River and the Damodar Valley Corporation has been a longstanding concern, with various ministries addressing different aspects of the issue over the years."
Llama 3.3 · 70B,Progression Timeline,9.987,500,682,"### Policy Progression Timeline
* 1996 
  + 27.02: POWER - POWER GENERATION BY DAMODAR VALLEY CORPORATION
  + 21.11: POWER - DUES OF STATE ELECTRICITY BOARDS TO CENTRAL POWER PUBLIC UNDERTAKINGS
  + 13.12: RAILWAYS - FUNCTIONING OF BANKURA DAMODAR RIVER RAILWAY
* 1998 
  + 01.12: POWER - ENFORCEMENT OF POWER REGULATIONS BY NTPC ON DEFAULTING SEBS
  + 14.12: STEEL AND MINES - FLOWING OF SEWERAGE WATER IN DAMODAR RIVER
* 1999 
  + 10.03: POWER - LAND FOR MAITHAN PROJECT OF DVC
  + 10.03: POWER - MALPRACTICES IN APPOINTMENTS IN DAMODAR VALLEY CORPORATION
* 2000 
  + 29.11: POWER - NTPC DUES FROM THE EASTERN STATES
  + 01.12: RAILWAYS - EXTENSION OF RAILWAY PROJECTS IN WEST BENGAL
  + 13.12: POWER - DUES OF NTPC
* 2009 
  + 08.07: WATER RESOURCES - DE-SILTING OF DAMODAR RIVER
* 2015 
  + 30.07: POWER - Damodar Valley Corporation
  + 07.08: CORPORATE AFFAIRS - Damodaran Panel on Business Environment
* 2016 
  + 16.03: RAILWAYS - Bankura-Damodar River Railway Line
  + 08.12: POWER - CSR of Damodar Valley Corporation
* 2017 
  + 14.03: ENVIRONMENT, FORESTS AND CLIMATE CHANGE - Pollution in Damodar River
* 2018 
  + 28.12: ENVIRONMENT, FORESTS AND CLIMATE CHANGE - Pollution in Damodar River
* 2022 
  + 15.12: POWER - Damodaram Sanjeevaiah Thermal Power Station
* 2024 
  + 19.12: JAL SHAKTI - Damodar Valley Corporation
* 2025 
  + 24.07: POWER - Division of Damodar Valley Corporation"
Llama 3.3 · 70B,Ministry Engagement,5.528,188,679,"The following government ministries are engaged in the topic related to the Damodar River or Damodar Valley Corporation:

1. Ministry of Water Resources: De-silting of Damodar River.
2. Ministry of Corporate Affairs: Not directly related to Damodar River, but mentioned a panel with a similar name.
3. Ministry of Power: Multiple responses related to Damodar Valley Corporation, including power generation, CSR, and division of the corporation.
4. Ministry of Railways: Responses related to the Bankura-Damodar River Railway Line and extension of railway projects in West Bengal.
5. Ministry of Environment, Forests and Climate Change: Responses related to pollution in the Damodar River.
6. Ministry of Jal Shakti: Response related to Damodar Valley Corporation.
7. Ministry of Steel and Mines: Response related to the flow of sewerage water in the Damodar River."
Llama 3.3 · 70B,Policy Gaps,8.193,323,683,"Policy gaps are evident in the following areas:

1. Pollution in Damodar River: Despite repeated mentions (14.03.2017, 28.12.2018), the issue remains unresolved, indicating a lack of effective policy implementation.
2. Damodar Valley Corporation (DVC) management and division: Multiple records (30.07.2015, 08.12.2016, 19.12.2024, 24.07.2025) suggest ongoing issues with the corporation's management, CSR, and division, highlighting a policy gap in its governance and operations.
3. Environmental concerns and de-silting of Damodar River: The initial record (08.07.2009) on de-silting and subsequent records on pollution indicate a persistent policy gap in addressing environmental concerns and maintaining the river's health.
4. Railway projects and infrastructure development: Records (13.12.1996, 01.12.2000, 16.03.2016) show repeated discussions on railway projects, including the Bankura-Damodar River Railway Line, suggesting unresolved issues and policy gaps in infrastructure development.

Repeatedly asked questions and unresolved issues include:

* How to effectively address pollution in the Damodar River?
* What measures can be taken to improve the governance and operations of the Damodar Valley Corporation?
* How can the environmental concerns and de-silting of the Damodar River be adequately addressed?
* What steps can be taken to resolve the ongoing issues with railway projects and infrastructure development in the region?"
Llama 3.0 · 8B,Executive Summary,21.132,284,667,"Here is a 3-paragraph executive summary of the provided parliamentary data:

The Damodar River has been a topic of discussion in the Indian Parliament across various ministries and dates. In 1996, the Railway Ministry discussed the functioning of the Bankura Damodar River Railway Line, while the Power Ministry focused on power generation by Damodar Valley Corporation and dues owed by state electricity boards to central power public undertakings. In 1999, the Power Ministry raised concerns about land for the Maithan project of DVC and malpractices in appointments in Damodar Valley Corporation.

In the 2000s, the Power Ministry continued to discuss dues owed by NTPC, while the Railway Ministry extended railway projects in West Bengal. The Steel and Mines Ministry raised concerns about the flowing of sewerage water in the Damodar River in 1998. In 2009, the Water Resources Ministry discussed the de-silting of the Damodar River.

More recent discussions have focused on the business environment, with the Corporate Affairs Ministry establishing the Damodaran Panel on Business Environment in 2015. The Power Ministry has also discussed CSR initiatives by Damodar Valley Corporation and the division of the corporation. The Environment, Forests, and Climate Change Ministry has raised concerns about pollution in the Damodar River, with discussions continuing in 2018 and 2025."
Llama 3.0 · 8B,Progression Timeline,40.38,566,663,"Here is the policy progression timeline in markdown format:

**Early Years (1996-1999)**
* 13.12.1996: Ministry of Railways, ""FUNCTIONING OF BANKURA DAMODAR RIVER RAILWAY""
* 21.11.1996: Ministry of Power, ""DUES OF STATE ELECTRICITY BOARDS TO CENTRAL POWER PUBLIC UNDERTAKINGS""
* 27.02.1996: Ministry of Power, ""POWER GENERATION BY DAMODAR VALLEY CORPORATION""
* 10.03.1999: Ministry of Power, ""LAND FOR MAITHAN PROJECT OF DVC""
* 10.03.1999: Ministry of Power, ""MALPRACTICES IN APPOINTMENTS IN DAMODAR VALLEY CORPORATION""
* 14.12.1998: Ministry of Steel and Mines, ""FLOWING OF SEWERAGE WATER IN DAMODAR RIVER""
* 01.12.1998: Ministry of Power, ""ENFORCEMENT OF POWER REGULATIONS BY NTPC ON DEFAULTING SEBS""

**Mid-Period (2000-2009)**
* 13.12.2000: Ministry of Power, ""DUES OF NTPC""
* 01.12.2000: Ministry of Railways, ""EXTENSION OF RAILWAY PROJECTS IN WEST BENGAL""
* 29.11.2000: Ministry of Power, ""NTPC DUES FROM THE EASTERN STATES""
* 08.07.2009: Ministry of Water Resources, ""DE-SILTING OF DAMODAR RIVER""

**Recent Years (2015-2025)**
* 07.08.2015: Ministry of Corporate Affairs, ""Damodaran Panel on Business Environment""
* 30.07.2015: Ministry of Power, ""Damodar Valley Corporation""
* 16.03.2016: Ministry of Railways, ""Bankura-Damodar River Railway Line""
* 08.12.2016: Ministry of Power, ""CSR of Damodar Valley Corporation""
* 14.03.2017: Ministry of Environment, Forests and Climate Change, ""Pollution in Damodar River""
* 28.12.2018: Ministry of Environment, Forests and Climate Change, ""Pollution in Damodar River""
* 15.12.2022: Ministry of Power, ""Damodaram Sanjeevaiah Thermal Power Station""
* 19.12.2024: Ministry of Jal Shakti, ""Damodar Valley Corporation""
* 24.07.2025: Ministry of Power, ""Division of Damodar Valley Corporation"""
Llama 3.0 · 8B,Ministry Engagement,31.668,416,660,"The following government ministries are engaged in the topic of Damodar River:

1. WATER RESOURCES: The ministry is engaged in the topic of de-silting of Damodar River, with a specific focus on the river's maintenance and upkeep.
2. CORPORATE AFFAIRS: The ministry is engaged in the topic of the Damodaran Panel on Business Environment, which is unrelated to the Damodar River.
3. POWER: The ministry is engaged in various topics related to the Damodar River, including:
	* Damodar Valley Corporation (DVC)
	* Power generation by DVC
	* Dues of state electricity boards to central power public undertakings
	* Land for Maithan project of DVC
	* Malpractices in appointments in DVC
	* Dues of NTPC
	* NTPC dues from eastern states
	* Enforcement of power regulations by NTPC on defaulting SEBs
	* CSR of Damodar Valley Corporation
	* Division of Damodar Valley Corporation
	* Damodaram Sanjeevaiah Thermal Power Station
4. RAILWAYS: The ministry is engaged in the topic of the Bankura-Damodar River Railway Line and the functioning of Bankura Damodar River Railway.
5. ENVIRONMENT, FORESTS AND CLIMATE CHANGE: The ministry is engaged in the topic of pollution in Damodar River, with two specific dates (14.03.2017 and 28.12.2018).
6. JAL SHAKTI: The ministry is engaged in the topic of Damodar Valley Corporation, with a specific focus on the corporation's activities and management.
7. STEEL AND MINES: The ministry is engaged in the topic of flowing of sewerage water in Damodar River, with a specific focus on the environmental impact of the river's pollution.

Note that some of these topics may be unrelated to the Damodar River, and some may be duplicates or overlapping."
Llama 3.0 · 8B,Policy Gaps,23.01,338,664,"Based on the provided records, the following policy gaps and unresolved issues can be identified:

1. Repeated questions:
	* Pollution in the Damodar River: The Environment, Forests, and Climate Change Ministry has raised concerns about pollution in the Damodar River in 2017 and 2018, but the issue remains unresolved.
	* Dues of State Electricity Boards to Central Power Public Undertakings: The Power Ministry has raised this issue in 1996, 1999, and 2000, but it remains unresolved.
	* Power generation by Damodar Valley Corporation: The Power Ministry has raised concerns about power generation by Damodar Valley Corporation in 1996, 1999, and 2000, but the issue remains unresolved.
2. Unresolved issues:
	* De-silting of Damodar River: The Water Resources Ministry raised this issue in 2009, but it remains unresolved.
	* Bankura-Damodar River Railway Line: The Railways Ministry raised this issue in 2016, but it remains unresolved.
	* CSR of Damodar Valley Corporation: The Power Ministry raised this issue in 2016, but it remains unresolved.
	* Division of Damodar Valley Corporation: The Power Ministry raised this issue in 2025, but it remains unresolved.
	* Flowing of sewerage water in Damodar River: The Steel and Mines Ministry raised this issue in 1998, but it remains unresolved.

These policy gaps and unresolved issues suggest that there are ongoing concerns and challenges related to the Damodar River, power generation, and railway projects in West Bengal."
Gemma 3 · 12B,Executive Summary,4.01,279,717,"Discussions surrounding the Damodar River and related entities have spanned multiple ministries and years, beginning in 1996 and continuing through 2025. Key areas of focus include the Damodar Valley Corporation (DVC), appearing in discussions related to power generation, land acquisition for projects like Maithan, corporate social responsibility, division, and its overall functioning. The DVC has also been subject to scrutiny regarding appointment practices and dues owed to other power entities like NTPC and state electricity boards.

Environmental concerns related to the Damodar River have been a recurring theme, with multiple discussions addressing pollution from sewage and other sources. The Ministry of Environment, Forests and Climate Change specifically addressed pollution in the river in 2017 and 2018. Additionally, the railway infrastructure associated with the river, specifically the Bankura-Damodar River Railway Line, has been a subject of parliamentary discussion, including its functioning and extension projects.

Beyond the DVC and environmental issues, other ministries have engaged with the Damodar River’s context. The Corporate Affairs Ministry addressed the Damodaran Panel on the business environment, while the Jal Shakti Ministry recently addressed the Damodar Valley Corporation in 2024. Discussions have also touched upon power regulations enforcement and dues owed to NTPC, demonstrating a broad range of governmental interest in the region and its associated infrastructure."
Gemma 3 · 12B,Progression Timeline,8.071,633,712,"## Damodar River Policy Progression Timeline

Here's a timeline outlining the policy progression related to the Damodar River, based on the provided data:

**1996**

*   **27.02.1996:** POWER - Power Generation by Damodar Valley Corporation
*   **13.12.1996:** RAILWAYS - Functioning of Bankura Damodar River Railway
*   **21.11.1996:** POWER - Dues of State Electricity Boards to Central Power Public Undertakings

**1998**

*   **14.12.1998:** STEEL AND MINES - Flowing of Sewerage Water in Damodar River
*   **01.12.1998:** POWER - Enforcement of Power Regulations by NTPC on Defaulting SEBs

**1999**

*   **10.03.1999:** POWER - Land for Maithan Project of DVC
*   **10.03.1999:** POWER - Malpractices in Appointments in Damodar Valley Corporation

**2000**

*   **29.11.2000:** POWER - NTPC Dues from the Eastern States
*   **13.12.2000:** POWER - Dues of NTPC
*   **01.12.2000:** RAILWAYS - Extension of Railway Projects in West Bengal

**2009**

*   **08.07.2009:** WATER RESOURCES - De-silting of Damodar River

**2015**

*   **07.08.2015:** CORPORATE AFFAIRS - Damodaran Panel on Business Environment
*   **30.07.2015:** POWER - Damodar Valley Corporation

**2016**

*   **16.03.2016:** RAILWAYS - Bankura-Damodar River Railway Line
*   **08.12.2016:** POWER - CSR of Damodar Valley Corporation

**2017**

*   **14.03.2017:** ENVIRONMENT, FORESTS AND CLIMATE CHANGE - Pollution in Damodar River

**2018**

*   **28.12.2018:** ENVIRONMENT, FORESTS AND CLIMATE CHANGE - Pollution in Damodar River

**2022**

*   **15.12.2022:** POWER - Damodaram Sanjeevaiah Thermal Power Station

**2024**

*   **19.12.2024:** JAL SHAKTI - Damodar Valley Corporation

**2025**

*   **24.07.2025:** POWER - Division of Damodar Valley Corporation"
Gemma 3 · 12B,Ministry Engagement,3.55,244,709,"Here's a breakdown of the government ministries engaged in the Damodar River topic and their jurisdictions/responses, based solely on the provided text:

*   **WATER RESOURCES:** De-silting of Damodar River.
*   **CORPORATE AFFAIRS:** Damodaran Panel on Business Environment.
*   **POWER:** Damodar Valley Corporation, CSR of Damodar Valley Corporation, Damodaram Sanjeevaiah Thermal Power Station, Division of Damodar Valley Corporation, Power Generation by Damodar Valley Corporation, Land for Maithan Project of DVC, Malpractices in Appointments in Damodar Valley Corporation, Dues of NTPC, NTPC dues from the Eastern States, Enforcement of Power Regulations by NTPC on Defaulting SEBs.
*   **RAILWAYS:** Bankura-Damodar River Railway Line, Functioning of Bankura Damodar River Railway, Extension of Railway Projects in West Bengal.
*   **ENVIRONMENT, FORESTS AND CLIMATE CHANGE:** Pollution in Damodar River.
*   **JAL SHAKTI:** Damodar Valley Corporation.
*   **STEEL AND MINES:** Flowing of Sewerage Water in Damodar River.



"
Gemma 3 · 12B,Policy Gaps,5.096,353,713,"**Policy Gaps:**

*   **Pollution in Damodar River:** Repeatedly addressed (16.03.2016, 28.12.2018), suggesting ongoing unresolved issues.
*   **Damodar Valley Corporation (DVC) Financial Matters:** Dues to Central Power Public Undertakings (21.11.1996), Dues of NTPC (13.12.2000), NTPC dues from Eastern States (29.11.2000), and general DVC functioning (19.12.2024) indicate persistent financial challenges.
*   **Damodar Valley Corporation (DVC) Appointments:** Malpractices in appointments (10.03.1999) suggest governance concerns.
*   **Bankura-Damodar River Railway Line:** Functioning (13.12.1996) and extension of railway projects (01.12.2000) suggest ongoing infrastructure development and operational issues.
*   **Land Acquisition:** Land for Maithan Project (10.03.1999) indicates potential challenges in land acquisition for DVC projects.



**Repeatedly Asked Questions/Unresolved Issues:**

*   What are the sources and extent of pollution in the Damodar River?
*   What are the outstanding dues related to the Damodar Valley Corporation and NTPC?
*   How is the Bankura-Damodar River Railway Line functioning, and what are the barriers to its extension?
*   What are the governance and appointment practices within the Damodar Valley Corporation?"
Mistral · 7B,Executive Summary,19.646,310,842," Executive Summary:

The parliamentary data spanning from 1996 to 2025 reveals various discussions related to the Damodar River and the Damodar Valley Corporation (DVC). In the early discussions, there were concerns about the functioning of the Bankura Damodar River Railway, dues of state electricity boards to central power public undertakings, and power generation by the Damodar Valley Corporation.

Later discussions focused on environmental issues, with two separate sessions in 2014 and 2018 addressing pollution in the Damodar River. The de-silting of the Damodar River was also a topic of discussion in 2009 under the Ministry of Water Resources.

In more recent years, the Damodar Valley Corporation was in the spotlight for its Corporate Social Responsibility (CSR) initiatives in 2016 and its division in 2025. Additionally, there were discussions regarding the Malpractices in Appointments in DVC in 1999 and the dues of NTPC in 2000. The Thermal Power Station at Damodaram Sanjeevaiah was also mentioned in 2022. Overall, the parliamentary data highlights the multifaceted nature of issues surrounding the Damodar River and the Damodar Valley Corporation, encompassing transportation, power generation, environmental concerns, and corporate governance."
Mistral · 7B,Progression Timeline,44.739,685,841," ```markdown
## Timeline of Policy Progression related to Damodar River and Damodar Valley Corporation

### 1996-2000

- 13.12.1996, Ministry of Railways: Functioning of Bankura-Damodar River Railway
- 21.11.1996, Ministry of Power: Dues of State Electricity Boards to Central Power Public Undertakings
- 27.02.1996, Ministry of Power: Power Generation by Damodar Valley Corporation
- 10.03.1999, Ministry of Power: Land for Maithan Project of DVC
- 10.03.1999, Ministry of Power: Malpractices in Appointments in Damodar Valley Corporation
- 13.12.2000, Ministry of Power: Dues of NTPC
- 01.12.2000, Ministry of Railways: Extension of Railway Projects in West Bengal
- 29.11.2000, Ministry of Power: NTPC Dues from the Eastern States
- 14.12.1998, Ministry of Steel and Mines: Flowing of Sewerage Water in Damodar River
- 01.12.1998, Ministry of Power: Enforcement of Power Regulations by NTPC on Defaulting SEBs

### 2009

- 08.07.2009, Ministry of Water Resources: De-silting of Damodar River

### 2015

- 07.08.2015, Ministry of Corporate Affairs: Damodaran Panel on Business Environment
- 30.07.2015, Ministry of Power: Damodar Valley Corporation

### 2016

- 16.03.2016, Ministry of Railways: Bankura-Damodar River Railway Line
- 08.12.2016, Ministry of Power: CSR of Damodar Valley Corporation

### 2017

- 14.03.2017, Ministry of Environment, Forests and Climate Change: Pollution in Damodar River

### 2018

- 28.12.2018, Ministry of Environment, Forests and Climate Change: Pollution in Damodar River

### 2022

- 15.12.2022, Ministry of Power: Damodaram Sanjeevaiah Thermal Power Station

### 2024

- 19.12.2024, Ministry of Jal Shakti: Damodar Valley Corporation

### 2025

- 24.07.2025, Ministry of Power: Division of Damodar Valley Corporation
```"
Mistral · 7B,Ministry Engagement,36.392,579,838," The following government ministries have engaged in topics related to the Damodar River:

1. Ministry of Water Resources: The ministry was involved in the de-silting of the Damodar River as mentioned on 08.07.2009.
2. Ministry of Corporate Affairs: The Damodaran Panel on Business Environment was formed under this ministry on 07.08.2015.
3. Ministry of Power: The Damodar Valley Corporation (DVC) falls under the jurisdiction of this ministry. Relevant topics include power generation by DVC (27.02.1996), dues of NTPC (13.12.2010), CSR activities of DVC (08.12.2016), division of DVC (24.07.2025), and the Damodaram Sanjeevaiah Thermal Power Station (15.12.2022).
4. Ministry of Railways: The functioning of the Bankura-Damodar River Railway line was discussed on 13.12.1996, and the extension of railway projects in West Bengal was mentioned on 01.12.2000.
5. Ministry of Environment, Forests and Climate Change: This ministry has addressed pollution in the Damodar River on multiple occasions, first on 14.03.2017 and then on 28.12.2018.
6. Ministry of Jal Shakti: The ministry took over the Damodar Valley Corporation on 19.12.2024.
7. Ministry of Steel and Mines: The ministry discussed the flowing of sewerage water in the Damodar River on 14.12.1998.
8. Ministry of Power: Enforcement of power regulations by NTPC on defaulting State Electricity Boards was mentioned on 01.12.1998.
9. Ministry of Power: Dues of State Electricity Boards to Central Power Public Undertakings were discussed on 21.11.1996.
10. Ministry of Power: Land for the Maithan Project of DVC was acquired on 10.03.1999.
11. Ministry of Power: Malpractices in appointments in DVC were addressed on 10.03.1999.
12. Ministry of Power: Dues of NTPC were mentioned on 29.11.2000."
Mistral · 7B,Policy Gaps,36.618,545,839," Based on the provided text, the following policy gaps and unresolved issues can be identified:

1. Environmental concerns and pollution in the Damodar River: This issue has been raised repeatedly in records from the Ministries of Environment, Forests and Climate Change (2017, 2018, 2022, 2024). The questions asked include the status of pollution in the river and the measures being taken to address it.
2. Financial issues between various entities and the Damodar Valley Corporation (DVC): Several records mention dues owed by different parties to the DVC (1996, 2000, 2015, 2016, 2024). The resolution of these financial issues remains unclear.
3. Functioning of the Bankura-Damodar River Railway Line: The functioning of this railway line was a concern in 1996 and 2013. The status of this project and any ongoing issues have not been addressed in the provided records.
4. Land acquisition for power projects: The acquisition of land for the Maithan project of the DVC was a topic of discussion in 1999. It is unclear if this issue has been resolved.
5. Malpractices in appointments in the Damodar Valley Corporation: This issue was raised in 1999. The status of any investigations or resolutions related to this matter is not mentioned in the provided records.
6. Power generation and enforcement of regulations: Records from 1996, 1998, and 2000 discuss power generation by the Damodar Valley Corporation, dues owed to NTPC, and the enforcement of power regulations. The resolution of these issues is not clear.
7. Silting of the Damodar River: The de-siltation of the Damodar River was a concern in 2009. The status of this project and any ongoing issues have not been addressed in the provided records.
8. CSR activities of the Damodar Valley Corporation: The CSR activities of the DVC were discussed in 2016 and 2018. The impact and effectiveness of these activities are not mentioned in the provided records.
9. Division of the Damodar Valley Corporation: The division of the Damodar Valley Corporation was a topic of discussion in 2025. The reasons for and the status of this division are not mentioned in the provided records."
Granite 4.0 · Micro,Executive Summary,13.111,419,665,"The parliamentary discussions on the Damodar River and its associated entities, such as the Damodar Valley Corporation (DVC) and the Damodar Valley Corporation's power stations, have been a recurring theme since at least 1996. The first mention in 1996 focused on the functioning of the Bankura-Damodar River railway line, indicating early concerns about the river's role in transportation infrastructure. Over the years, the debates have expanded to include the de-silting of the Damodar River in 2009, highlighting the river's sedimentation issues that affect its navigability and ecological health. The continuous dialogue underscores the river's significance as both a natural resource and a critical infrastructure element.

In more recent years, from 2015 onwards, the focus has shifted towards addressing pollution in the Damodar River, a critical environmental concern that has been repeatedly brought up in parliamentary sessions. The Ministry of Environment, Forests, and Climate Change has been particularly active, with multiple discussions in 2015, 2016, 2017, and 2018, emphasizing the need for effective pollution control measures. These sessions also included references to the CSR activities of the DVC, indicating a growing intersection between corporate social responsibility and environmental governance. The discussions reflect a broader trend of integrating environmental sustainability into corporate practices and public policy.

The most recent parliamentary discussions, up to 2025, have centered on the operational and financial aspects of the Damodar Valley Corporation, including its power generation capacity and the division of its assets. The 2022 and 2024 sessions specifically addressed the Damodaram Sanjeevaiah Thermal Power Station, indicating ongoing efforts to modernize and manage the corporation's power generation infrastructure. Additionally, the mention of dues and malpractices in the early 1990s suggests a historical context of financial and administrative challenges that have been addressed over time. Overall, the parliamentary records reveal a persistent commitment to managing the Damodar River's ecological health, enhancing its infrastructure, and ensuring the corporation's financial and operational efficiency."
Granite 4.0 · Micro,Progression Timeline,13.26,427,661,"# Policy Progression Timeline on Damodar River and Damodar Valley Corporation

## Early 1990s
- **13.12.1996**: Ministry of Railways - *Functioning of Bankura Damodar River Railway Line*
- **21.11.1996**: Ministry of Power - *Dues of State Electricity Boards to Central Power Public Undertakings*

## Mid 1990s
- **27.02.1996**: Ministry of Power - *Power Generation by Damodar Valley Corporation*
- **10.03.1999**: Ministry of Power - *Land for Maithan Project of DVC*
- **10.03.1999**: Ministry of Power - *Malpractices in Appointments in Damodar Valley Corporation*

## Late 1990s
- **01.12.1998**: Ministry of Steel and Mines - *Flowing of Sewage Water in Damodar River*
- **01.12.1998**: Ministry of Power - *Enforcement of Power Regulations by NTPC on Defaulting SEBs*

## Early 2000s
- **08.12.2016**: Ministry of Power - *CSR of Damodar Valley Corporation*
- **14.03.2017**: Ministry of Environment, Forests and Climate Change - *Pollution in Damodar River*
- **28.12.2018**: Ministry of Environment, Forests and Climate Change - *Pollution in Damodar River*

## Mid 2020s
- **15.12.2022**: Ministry of Power - *Damodaram Sanjeevaiah Thermal Power Station*
- **19.12.2024**: Ministry of Jal Shakti - *Damodar Valley Corporation*
- **24.07.2025**: Ministry of Power - *Division of Damodar Valley Corporation*

This timeline illustrates the evolution of policy discussions and actions related to the Damodar River and Damodar Valley Corporation, highlighting shifts in focus from infrastructure and operational issues to environmental concerns and corporate governance."
Granite 4.0 · Micro,Ministry Engagement,15.543,513,658,"The government ministries engaged in the topic of Damodar River are:

1. **WATER RESOURCES**: Responsible for the ""DE-SILTING OF DAMODAR RIVER"" on 08.07.2009. This ministry likely oversees the management and maintenance of river systems, including the de-silting of rivers for improved water flow and quality.

2. **CORPORATE AFFAIRS**: Addressed the ""Damodaran Panel on Business Environment"" on 07.08.2015. While not directly related to the river itself, this ministry may have jurisdiction over business practices and environmental regulations that impact the Damodar River.

3. **POWER**: Involved in multiple aspects related to the Damodar River, including:
   - ""Damodar Valley Corporation"" on 30.07.2015, 08.12.2016, 15.12.2022, and 24.07.2025. This ministry oversees the operations and management of the Damodar Valley Corporation, a power generation and water management entity that operates within the river basin.
   - ""CSR of Damodar Valley Corporation"" on 08.12.2016, focusing on corporate social responsibility initiatives related to the corporation's activities in the river basin.
   - ""Division of Damodar Valley Corporation"" on 19.12.2024, indicating a restructuring or division within the corporation's operations.

4. **RAILWAYS**: Engaged in the ""Bankura-Damodar River Railway Line"" on 16.03.2016. This ministry is responsible for railway infrastructure, which in this context may involve the alignment and maintenance of railway lines that cross or are near the Damodar River.

5. **ENVIRONMENT, FORESTS AND CLIMATE CHANGE**: Focused on ""Pollution in Damodar River"" on 14.03.2017 and 28.12.2018. This ministry is tasked with addressing environmental issues, including pollution control and management of natural resources like rivers.

6. **JAL SHAKTI**: Responsible for ""Damodar Valley Corporation"" on 19.12.2024. This ministry, likely focusing on water resources management, may oversee the operations and policies related to the Damodar Valley Corporation, particularly in terms of water conservation and management.

Each of these ministries plays a distinct role in the governance and management of the Damodar River, from water resource management and pollution control to railway infrastructure and corporate responsibilities."
Granite 4.0 · Micro,Policy Gaps,16.34,496,662,"Policy Gaps Identified:

1. Repeated Issues of Pollution in Damodar River:
   - Multiple records from 2015, 2016, 2018, and 2022-2024 highlight pollution concerns in the Damodar River, indicating a persistent environmental issue that has not been adequately addressed.

2. Corporate Affairs and Business Environment:
   - The 2015 Corporate Affairs Ministry record on the Damodaran Panel on Business Environment suggests unresolved issues related to the business environment and corporate affairs, particularly concerning the Damodar River region.

3. Financial and Operational Issues with Damodar Valley Corporation (DVC):
   - Several records from 1996 to 2024 address financial dues, land allocation, malpractices in appointments, and dues from NTPC to DVC. These unresolved financial and operational issues suggest a need for better governance and financial management within DVC.

4. Infrastructure Development and Extension:
   - The 1996 and 2000 records from the Railways Ministry indicate ongoing or unresolved issues related to the extension and functioning of railway projects in the Bankura-Damodar River area. This suggests a need for continuous infrastructure development and maintenance.

5. Environmental Regulations and Enforcement:
   - The 1998 records from the Steel and Mines Ministry and the 2016 and 2018 records from the Environment, Forests, and Climate Change Ministry highlight issues related to the enforcement of environmental regulations, particularly concerning pollution and sewerage water flow in the Damodar River. This indicates a need for stricter enforcement and compliance with environmental standards.

Unresolved Issues:

1. Persistent Pollution in Damodar River:
   - Despite multiple mentions of pollution, there is no clear indication of the measures taken to address these issues, leaving the problem unresolved.

2. Financial Management and Governance within DVC:
   - The recurring records regarding financial dues, malpractices, and land allocation suggest unresolved financial governance issues within DVC that require attention.

3. Infrastructure and Extension of Railway Projects:
   - The unresolved records from 1996 and 2000 regarding the extension and functioning of railway projects indicate a need for continuous infrastructure development and maintenance in the region.

4. Environmental Compliance and Enforcement:
   - The unresolved records from 1998 and 2016 regarding environmental regulations and enforcement suggest that there is a need for stronger regulatory frameworks and compliance mechanisms to address pollution and other environmental issues in the Damodar River region."
